employeeId	role_data_role	sys_users_role	status
22531237	user.role.engg	user.role.md.subpl	Mismatch
22512648	user.role.engg	user.role.pl	Mismatch
22509652	user.role.engg	user.role.md.subpl	Mismatch
13630659	user.role.engg	user.role.md.subpl	Mismatch
23514257	user.role.engg		Mismatch
13533653	user.role.engg	user.role.pl	Mismatch
12552630	user.role.engg	user.role.admin	Mismatch
15836953	user.role.engg	user.role.pl	Mismatch
16801681	user.role.engg	user.role.pl	Mismatch
21500778	user.role.engg	user.role.pl	Mismatch
21500823	user.role.engg	user.role.admin	Mismatch
21500897	user.role.engg	user.role.admin	Mismatch
22524493	user.role.engg	user.role.pl	Mismatch
13628578	user.role.grouphead	user.role.partlead	Mismatch
11605311	user.role.engg	user.role.pl	Mismatch
12535892	user.role.engg	user.role.md.subpl	Mismatch
18784045	user.role.engg	user.role.pl	Mismatch
13643094	user.role.engg	user.role.distinguish.engg	Mismatch
10556845	user.role.engg	user.role.md.subpl	Mismatch
11575935	user.role.engg	user.role.pl	Mismatch
13554469	user.role.engg	user.role.pl	Mismatch
13618469	user.role.engg	user.role.pl	Mismatch
13661436	user.role.engg	user.role.pl	Mismatch
11586506	user.role.engg	user.role.md.subpl	Mismatch
13618460	user.role.engg	user.role.pl	Mismatch
13639865	user.role.engg	user.role.md.subpl	Mismatch
22524439	user.role.engg	user.role.md.subpl	Mismatch
25500931	user.role.engg	MISSING	Missing in sys_users
23509508	user.role.engg	user.role.pl	Mismatch
21513122	user.role.engg	user.role.partlead	Mismatch
11572879	user.role.engg	user.role.pl	Mismatch
22506404	user.role.engg	user.role.admin	Mismatch
24517605	user.role.engg	user.role.admin	Mismatch
24517973	user.role.engg	user.role.pl	Mismatch
11545693	user.role.engg	user.role.pl	Mismatch
15805871	user.role.engg	user.role.pl	Mismatch
16751890	user.role.engg	user.role.md.subpl	Mismatch
17789999	user.role.engg	user.role.pl	Mismatch
19543411	user.role.engg	user.role.md.subpl	Mismatch
13529053	user.role.engg	user.role.pl	Mismatch
13547073	user.role.engg	user.role.partlead	Mismatch
15840882	user.role.engg	user.role.pl	Mismatch
13520003	user.role.engg	user.role.pl	Mismatch
13619955	user.role.engg	user.role.md.subpl	Mismatch
18784070	user.role.engg	user.role.md.subpl	Mismatch
12590569	user.role.engg	user.role.pl	Mismatch
13648010	user.role.engg	user.role.pl	Mismatch
15804898	user.role.engg	user.role.pl	Mismatch
15841139	user.role.engg	user.role.pl	Mismatch
12555140	user.role.engg	user.role.pl	Mismatch
11598091	user.role.engg	user.role.pl	Mismatch
12582520	user.role.engg	user.role.md.subpl	Mismatch
13594059	user.role.engg	user.role.teamhead	Mismatch
10502049	user.role.engg	user.role.md.subpl	Mismatch
12567287	user.role.engg	user.role.pl	Mismatch
17809536	user.role.engg	user.role.md.subpl	Mismatch
04736521	user.role.partlead	user.role.grouphead	Mismatch
07704827	user.role.partlead	user.role.pl	Mismatch
11594582	user.role.grouphead	user.role.partlead	Mismatch
13501588	user.role.engg	user.role.md.subpl	Mismatch
16799898	user.role.engg	user.role.pl	Mismatch
19542340	user.role.engg	user.role.pl	Mismatch
25500881	user.role.engg	MISSING	Missing in sys_users
25500887	user.role.engg	MISSING	Missing in sys_users
25500883	user.role.engg	MISSING	Missing in sys_users
25500890	user.role.engg	MISSING	Missing in sys_users
25500900	user.role.engg	MISSING	Missing in sys_users
25500897	user.role.engg	MISSING	Missing in sys_users
25500922	user.role.engg	MISSING	Missing in sys_users
25500886	user.role.engg	MISSING	Missing in sys_users
25500913	user.role.engg	MISSING	Missing in sys_users
25500892	user.role.engg	MISSING	Missing in sys_users
25500903	user.role.engg	MISSING	Missing in sys_users
25500919	user.role.engg	MISSING	Missing in sys_users
25500930	user.role.engg	MISSING	Missing in sys_users
25500932	user.role.engg	MISSING	Missing in sys_users
25500896	user.role.engg	MISSING	Missing in sys_users
25500918	user.role.engg	MISSING	Missing in sys_users
25500952	user.role.engg	MISSING	Missing in sys_users
25500992	user.role.engg	MISSING	Missing in sys_users
13617766	user.role.engg	user.role.pl	Mismatch
23520201	user.role.engg	user.role.pl	Mismatch
11630009	user.role.engg	user.role.pl	Mismatch
04581015	user.role.engg	user.role.partlead	Mismatch
13518745	user.role.engg	user.role.partlead	Mismatch
12558803	user.role.engg	user.role.md.subpl	Mismatch
18796671	user.role.engg	user.role.md.subpl	Mismatch
18796950	user.role.engg	user.role.md.subpl	Mismatch
10576281	user.role.engg	user.role.md.subpl	Mismatch
25500954	user.role.engg	MISSING	Missing in sys_users
25500899	user.role.engg	MISSING	Missing in sys_users
25500901	user.role.engg	MISSING	Missing in sys_users
25500916	user.role.engg	MISSING	Missing in sys_users
25500921	user.role.engg	MISSING	Missing in sys_users
25500942	user.role.engg	MISSING	Missing in sys_users
25500956	user.role.engg	MISSING	Missing in sys_users
25500959	user.role.engg	MISSING	Missing in sys_users
25500917	user.role.engg	MISSING	Missing in sys_users
25500940	user.role.engg	MISSING	Missing in sys_users
25500949	user.role.engg	MISSING	Missing in sys_users
25500927	user.role.engg	MISSING	Missing in sys_users
25500933	user.role.engg	MISSING	Missing in sys_users
25500967	user.role.engg	MISSING	Missing in sys_users
25500985	user.role.engg	MISSING	Missing in sys_users
25500993	user.role.engg	MISSING	Missing in sys_users
25500945	user.role.engg	MISSING	Missing in sys_users
25500943	user.role.engg	MISSING	Missing in sys_users
25500936	user.role.engg	MISSING	Missing in sys_users
25500944	user.role.engg	MISSING	Missing in sys_users
25500948	user.role.engg	MISSING	Missing in sys_users
25500953	user.role.engg	MISSING	Missing in sys_users
25500963	user.role.engg	MISSING	Missing in sys_users
25500957	user.role.engg	MISSING	Missing in sys_users
25500964	user.role.engg	MISSING	Missing in sys_users
25500968	user.role.engg	MISSING	Missing in sys_users
25500972	user.role.engg	MISSING	Missing in sys_users
25500975	user.role.engg	MISSING	Missing in sys_users
25500981	user.role.engg	MISSING	Missing in sys_users
25500984	user.role.engg	MISSING	Missing in sys_users
25500961	user.role.engg	MISSING	Missing in sys_users
25500962	user.role.engg	MISSING	Missing in sys_users
25500973	user.role.engg	MISSING	Missing in sys_users
25500969	user.role.engg	MISSING	Missing in sys_users
90003373	user.role.engg	MISSING	Missing in sys_users
90003069	user.role.engg	MISSING	Missing in sys_users
90003378	user.role.engg	MISSING	Missing in sys_users
90003380	user.role.engg	MISSING	Missing in sys_users
90003381	user.role.engg	MISSING	Missing in sys_users
90003382	user.role.engg	MISSING	Missing in sys_users
90003384	user.role.engg	MISSING	Missing in sys_users
90003388	user.role.engg	MISSING	Missing in sys_users
90003391	user.role.engg	MISSING	Missing in sys_users
90003393	user.role.engg	MISSING	Missing in sys_users
90003392	user.role.engg	MISSING	Missing in sys_users
90003395	user.role.engg	MISSING	Missing in sys_users
90003399	user.role.engg	MISSING	Missing in sys_users
90003404	user.role.engg	MISSING	Missing in sys_users
90003408	user.role.engg	MISSING	Missing in sys_users
90003410	user.role.engg	MISSING	Missing in sys_users
90003411	user.role.engg	MISSING	Missing in sys_users
90003413	user.role.engg	MISSING	Missing in sys_users
13545531	user.role.engg	user.role.md.subpl	Mismatch
13501620	user.role.partlead	user.role.md.subpl	Mismatch
13501591	user.role.engg	user.role.md.subpl	Mismatch
22534220	user.role.engg	user.role.partlead	Mismatch
11543931	user.role.engg	user.role.pl	Mismatch
12560475	user.role.engg	user.role.pl	Mismatch
12550868	user.role.engg	user.role.pl	Mismatch
13562018	user.role.engg	user.role.md.subpl	Mismatch
13549427	user.role.engg	user.role.md.subpl	Mismatch
17750214	user.role.engg	user.role.pl	Mismatch
22524318	user.role.engg	user.role.pl	Mismatch
13529060	user.role.engg	user.role.md.subpl	Mismatch
11500418	user.role.superadmin	user.role.engg	Mismatch
10540888	user.role.engg	user.role.pl	Mismatch
11548330	user.role.engg	user.role.md.subpl	Mismatch
18784085	user.role.engg	user.role.md.subpl	Mismatch
12568208	user.role.engg	user.role.pl	Mismatch
18784043	user.role.engg	user.role.md.subpl	Mismatch
19529198	user.role.engg	user.role.pl	Mismatch
14558504	user.role.engg	user.role.pl	Mismatch
22524776	user.role.engg	user.role.md.subpl	Mismatch
20526520	user.role.engg	user.role.md.subpl	Mismatch
90003414	user.role.engg	MISSING	Missing in sys_users
90003418	user.role.engg	MISSING	Missing in sys_users
90003406	user.role.engg	MISSING	Missing in sys_users
90003415	user.role.engg	MISSING	Missing in sys_users
90003510	user.role.engg	MISSING	Missing in sys_users
90003422	user.role.engg	MISSING	Missing in sys_users
90003424	user.role.engg	MISSING	Missing in sys_users
90003425	user.role.engg	MISSING	Missing in sys_users
90003427	user.role.engg	MISSING	Missing in sys_users
90003421	user.role.engg	MISSING	Missing in sys_users
90003429	user.role.engg	MISSING	Missing in sys_users
90003430	user.role.engg	MISSING	Missing in sys_users
90003431	user.role.engg	MISSING	Missing in sys_users
90003437	user.role.engg	MISSING	Missing in sys_users
90003434	user.role.engg	MISSING	Missing in sys_users
90003419	user.role.engg	MISSING	Missing in sys_users
90003441	user.role.engg	MISSING	Missing in sys_users
90003443	user.role.engg	MISSING	Missing in sys_users
90003445	user.role.engg	MISSING	Missing in sys_users
90003447	user.role.engg	MISSING	Missing in sys_users
90003448	user.role.engg	MISSING	Missing in sys_users
19529207	user.role.engg	user.role.pl	Mismatch
12556960	user.role.engg	user.role.pl	Mismatch
10509040	user.role.engg	user.role.partlead	Mismatch
12572430	user.role.engg	user.role.pl	Mismatch
13587427	user.role.engg	user.role.pl	Mismatch
15804800	user.role.engg	user.role.pl	Mismatch
15804801	user.role.engg	user.role.pl	Mismatch
11624074	user.role.engg	user.role.md.subpl	Mismatch
11557351	user.role.superadmin	user.role.pl	Mismatch
13501594	user.role.engg	user.role.pl	Mismatch
17768828	user.role.engg	user.role.pl	Mismatch
22504512	user.role.engg	user.role.pl	Mismatch
22508154	user.role.engg	user.role.grouphead	Mismatch
22508162	user.role.engg	user.role.md.subpl	Mismatch
13588658	user.role.engg	user.role.pl	Mismatch
14829600	user.role.engg	user.role.pl	Mismatch
22509241	user.role.engg	user.role.pl	Mismatch
19529208	user.role.engg	user.role.md.subpl	Mismatch
20505515	user.role.engg	user.role.pl	Mismatch
14637148	user.role.partlead	user.role.pl	Mismatch
24503388	user.role.partlead	user.role.admin	Mismatch
16793125	user.role.partlead	user.role.pl	Mismatch
11587695	user.role.hradmin	user.role.md	Mismatch
12550141	user.role.peoplepartner	user.role.md	Mismatch
22533367	user.role.peoplepartner	user.role.admin	Mismatch
19543412	user.role.hradmin	user.role.md	Mismatch
22536181	user.role.engg	user.role.admin	Mismatch
23505440	user.role.engg	user.role.admin	Mismatch
22536468	user.role.engg	user.role.md	Mismatch
15750950	user.role.partlead	user.role.pl	Mismatch
12568202	user.role.engg	user.role.pl	Mismatch
13620032	user.role.engg	user.role.md.subpl	Mismatch
13631648	user.role.engg	user.role.pl	Mismatch
10563535	user.role.engg	user.role.pl	Mismatch
11630011	user.role.engg	user.role.pl	Mismatch
90003451	user.role.engg	MISSING	Missing in sys_users
12548483	user.role.engg	user.role.pl	Mismatch
25500999	user.role.engg	MISSING	Missing in sys_users
25500976	user.role.engg	MISSING	Missing in sys_users
25500986	user.role.engg	MISSING	Missing in sys_users
25500995	user.role.engg	MISSING	Missing in sys_users
25501000	user.role.engg	MISSING	Missing in sys_users
25500983	user.role.engg	MISSING	Missing in sys_users
25500989	user.role.engg	MISSING	Missing in sys_users
25500998	user.role.engg	MISSING	Missing in sys_users
25500988	user.role.engg	MISSING	Missing in sys_users
25500994	user.role.engg	MISSING	Missing in sys_users
25500996	user.role.engg	MISSING	Missing in sys_users
25501001	user.role.engg	MISSING	Missing in sys_users
25500868	user.role.engg	MISSING	Missing in sys_users
25500869	user.role.engg	MISSING	Missing in sys_users
25500935	user.role.engg	MISSING	Missing in sys_users
25500937	user.role.engg	MISSING	Missing in sys_users
25500938	user.role.engg	MISSING	Missing in sys_users
25500939	user.role.engg	MISSING	Missing in sys_users
25500950	user.role.engg	MISSING	Missing in sys_users
25500997	user.role.engg	MISSING	Missing in sys_users
25502005	user.role.engg	MISSING	Missing in sys_users
25517224	user.role.engg	MISSING	Missing in sys_users
90003463	user.role.engg	MISSING	Missing in sys_users
25504949	user.role.engg	MISSING	Missing in sys_users
90003464	user.role.engg	MISSING	Missing in sys_users
25517213	user.role.engg	MISSING	Missing in sys_users
90003512	user.role.engg	MISSING	Missing in sys_users
90003511	user.role.engg	MISSING	Missing in sys_users
90003452	user.role.engg	MISSING	Missing in sys_users
90003455	user.role.engg	MISSING	Missing in sys_users
90003454	user.role.engg	MISSING	Missing in sys_users
90003457	user.role.engg	MISSING	Missing in sys_users
90003458	user.role.engg	MISSING	Missing in sys_users
90003459	user.role.engg	MISSING	Missing in sys_users
90003460	user.role.engg	MISSING	Missing in sys_users
04055327	user.role.engg	user.role.md	Mismatch
05025694	user.role.expat	user.role.md	Mismatch
05030773	user.role.expat	user.role.engg	Mismatch
05051387	user.role.expat	user.role.md	Mismatch
06327828	user.role.expat	user.role.engg	Mismatch
12003382	user.role.expat	user.role.teamhead	Mismatch
25502004	user.role.engg	MISSING	Missing in sys_users
25502303	user.role.engg	MISSING	Missing in sys_users
25502008	user.role.engg	MISSING	Missing in sys_users
13630054	user.role.engg	user.role.pl	Mismatch
13574374	user.role.partlead	user.role.pl	Mismatch
13597505	user.role.engg	user.role.pl	Mismatch
05650782	user.role.grouphead	user.role.engg	Mismatch
13639867	user.role.grouphead	user.role.partlead	Mismatch
13638496	user.role.grouphead	user.role.partlead	Mismatch
13578753	user.role.engg	user.role.pl	Mismatch
13584580	user.role.engg	user.role.pl	Mismatch
15803072	user.role.engg	user.role.pl	Mismatch
13501586	user.role.engg	user.role.pl	Mismatch
15842683	user.role.engg	user.role.md.subpl	Mismatch
10542972	user.role.engg	user.role.pl	Mismatch
11588612	user.role.engg	user.role.pl	Mismatch
12588245	user.role.engg	user.role.pl	Mismatch
16788460	user.role.engg	user.role.pl	Mismatch
11590339	user.role.partlead	user.role.pl	Mismatch
13562017	user.role.engg	user.role.md.subpl	Mismatch
10573421	user.role.engg	user.role.pl	Mismatch
12560839	user.role.engg	user.role.md.subpl	Mismatch
12580410	user.role.engg	user.role.pl	Mismatch
13513197	user.role.engg	user.role.md.subpl	Mismatch
13641918	user.role.engg	user.role.pl	Mismatch
17813605	user.role.engg	user.role.md.subpl	Mismatch
13517588	user.role.engg	user.role.pl	Mismatch
09527695	user.role.engg	user.role.md.subpl	Mismatch
11619821	user.role.engg	user.role.pl	Mismatch
12537243	user.role.engg	user.role.pl	Mismatch
12555702	user.role.engg	user.role.pl	Mismatch
13620031	user.role.engg	user.role.grouphead	Mismatch
13519505	user.role.engg	user.role.md.subpl	Mismatch
90003467	user.role.engg	MISSING	Missing in sys_users
90003017	user.role.engg	MISSING	Missing in sys_users
22525023	user.role.engg	user.role.pl	Mismatch
22530243	user.role.engg	user.role.pl	Mismatch
13646779	user.role.engg	user.role.pl	Mismatch
17797953	user.role.engg	user.role.pl	Mismatch
90003481	user.role.engg	MISSING	Missing in sys_users
90003475	user.role.engg	MISSING	Missing in sys_users
90003471	user.role.engg	MISSING	Missing in sys_users
90003477	user.role.engg	MISSING	Missing in sys_users
90003486	user.role.engg	MISSING	Missing in sys_users
90003483	user.role.engg	MISSING	Missing in sys_users
90003476	user.role.engg	MISSING	Missing in sys_users
90003478	user.role.engg	MISSING	Missing in sys_users
90003487	user.role.engg	MISSING	Missing in sys_users
90003480	user.role.engg	MISSING	Missing in sys_users
90003482	user.role.engg	MISSING	Missing in sys_users
90003470	user.role.engg	MISSING	Missing in sys_users
90003485	user.role.engg	MISSING	Missing in sys_users
90003472	user.role.engg	MISSING	Missing in sys_users
90003473	user.role.engg	MISSING	Missing in sys_users
90003474	user.role.engg	MISSING	Missing in sys_users
90003479	user.role.engg	MISSING	Missing in sys_users
10558002	user.role.teamhead	user.role.md	Mismatch
23511947	user.role.partlead	user.role.grouphead	Mismatch
20517029	user.role.engg	user.role.md.subpl	Mismatch
20528710	user.role.engg	user.role.pl	Mismatch
90003465	user.role.engg	MISSING	Missing in sys_users
13614213	user.role.engg	user.role.pl	Mismatch
22526739	user.role.engg	user.role.pl	Mismatch
12505467	user.role.engg	user.role.spm	Mismatch
21530260	user.role.partlead	user.role.admin	Mismatch
10539655	user.role.engg	user.role.pl	Mismatch
10576278	user.role.engg	user.role.pl	Mismatch
12511746	user.role.engg	user.role.pl	Mismatch
18784286	user.role.engg	user.role.pl	Mismatch
13523984	user.role.engg	user.role.pl	Mismatch
12541473	user.role.culturecatalyst	user.role.pl	Mismatch
13591604	user.role.engg	user.role.partlead	Mismatch
13569474	user.role.engg	user.role.pl	Mismatch
11603855	user.role.engg	user.role.pl	Mismatch
12574358	user.role.engg	user.role.pl	Mismatch
18796949	user.role.engg	user.role.pl	Mismatch
06753146	user.role.partlead	user.role.grouphead	Mismatch
22534885	user.role.engg	user.role.partlead	Mismatch
12568209	user.role.engg	user.role.md.subpl	Mismatch
12648912	user.role.engg	user.role.pl	Mismatch
19529156	user.role.engg	user.role.pl	Mismatch
13636817	user.role.engg	user.role.md.subpl	Mismatch
05505704	user.role.engg	user.role.md.subpl	Mismatch
90003490	user.role.engg	MISSING	Missing in sys_users
90003491	user.role.engg	MISSING	Missing in sys_users
90003492	user.role.engg	MISSING	Missing in sys_users
25507171	user.role.engg	MISSING	Missing in sys_users
90003505	user.role.engg	MISSING	Missing in sys_users
90003489	user.role.engg	MISSING	Missing in sys_users
25510318	user.role.engg	MISSING	Missing in sys_users
25510321	user.role.engg	MISSING	Missing in sys_users
25510320	user.role.engg	MISSING	Missing in sys_users
25510324	user.role.engg	MISSING	Missing in sys_users
25510325	user.role.engg	MISSING	Missing in sys_users
90003496	user.role.engg	MISSING	Missing in sys_users
90003498	user.role.engg	MISSING	Missing in sys_users
90003499	user.role.engg	MISSING	Missing in sys_users
11584771	user.role.engg	user.role.md.subpl	Mismatch
13501637	user.role.engg	user.role.md.subpl	Mismatch
13501645	user.role.engg	user.role.md.subpl	Mismatch
13651574	user.role.engg	user.role.md.subpl	Mismatch
15757233	user.role.engg	user.role.md.subpl	Mismatch
12572764	user.role.engg	user.role.md.subpl	Mismatch
13648017	user.role.engg	user.role.md.subpl	Mismatch
14829579	user.role.engg	user.role.md.subpl	Mismatch
90003503	user.role.engg	MISSING	Missing in sys_users
90003504	user.role.engg	MISSING	Missing in sys_users
90003501	user.role.engg	MISSING	Missing in sys_users
25514241	user.role.engg	MISSING	Missing in sys_users
25514235	user.role.engg	MISSING	Missing in sys_users
25514240	user.role.engg	MISSING	Missing in sys_users
25514243	user.role.engg	MISSING	Missing in sys_users
25514249	user.role.engg	MISSING	Missing in sys_users
25514252	user.role.engg	MISSING	Missing in sys_users
25514254	user.role.engg	MISSING	Missing in sys_users
25514258	user.role.engg	MISSING	Missing in sys_users
25514259	user.role.engg	MISSING	Missing in sys_users
25514260	user.role.engg	MISSING	Missing in sys_users
25514269	user.role.engg	MISSING	Missing in sys_users
25514271	user.role.engg	MISSING	Missing in sys_users
25514262	user.role.engg	MISSING	Missing in sys_users
25514265	user.role.engg	MISSING	Missing in sys_users
25514270	user.role.engg	MISSING	Missing in sys_users
25514272	user.role.engg	MISSING	Missing in sys_users
25514273	user.role.engg	MISSING	Missing in sys_users
25514274	user.role.engg	MISSING	Missing in sys_users
25514275	user.role.engg	MISSING	Missing in sys_users
90003507	user.role.engg	MISSING	Missing in sys_users
90003497	user.role.engg	MISSING	Missing in sys_users
90003484	user.role.engg	MISSING	Missing in sys_users
90003493	user.role.engg	MISSING	Missing in sys_users
90003494	user.role.engg	MISSING	Missing in sys_users
90003488	user.role.engg	MISSING	Missing in sys_users
90003495	user.role.engg	MISSING	Missing in sys_users
25510319	user.role.engg	MISSING	Missing in sys_users
25510322	user.role.engg	MISSING	Missing in sys_users
25514242	user.role.engg	MISSING	Missing in sys_users
25514256	user.role.engg	MISSING	Missing in sys_users
25514237	user.role.engg	MISSING	Missing in sys_users
25514234	user.role.engg	MISSING	Missing in sys_users
25514244	user.role.engg	MISSING	Missing in sys_users
25514253	user.role.engg	MISSING	Missing in sys_users
90003508	user.role.engg	MISSING	Missing in sys_users
25514251	user.role.engg	MISSING	Missing in sys_users
13554473	user.role.engg	user.role.pl	Mismatch
13576713	user.role.engg	user.role.pl	Mismatch
13620049	user.role.engg	user.role.pl	Mismatch
22505099	user.role.engg	user.role.pl	Mismatch
11513734	user.role.engg	user.role.pl	Mismatch
15803065	user.role.engg	user.role.pl	Mismatch
22511146	user.role.engg	user.role.pl	Mismatch
21500853	user.role.engg	user.role.pl	Mismatch
11598095	user.role.engg	user.role.pl	Mismatch
15803064	user.role.engg	user.role.pl	Mismatch
15830965	user.role.engg	user.role.pl	Mismatch
12537653	user.role.engg	user.role.pl	Mismatch
13685472	user.role.engg	user.role.pl	Mismatch
13630664	user.role.culturecatalyst	user.role.engg	Mismatch
13668238	user.role.engg	user.role.pl	Mismatch
11520701	user.role.engg	user.role.pl	Mismatch
13572073	user.role.engg	user.role.pl	Mismatch
13581259	user.role.engg	user.role.pl	Mismatch
22524401	user.role.engg	user.role.pl	Mismatch
25514268	user.role.engg	MISSING	Missing in sys_users
90003046	user.role.engg	MISSING	Missing in sys_users
90003001	user.role.engg	MISSING	Missing in sys_users
90003085	user.role.engg	MISSING	Missing in sys_users
90003084	user.role.engg	MISSING	Missing in sys_users
90003072	user.role.engg	MISSING	Missing in sys_users
90003042	user.role.engg	MISSING	Missing in sys_users
90003005	user.role.engg	MISSING	Missing in sys_users
90003103	user.role.engg	MISSING	Missing in sys_users
90003225	user.role.engg	MISSING	Missing in sys_users
90003219	user.role.engg	MISSING	Missing in sys_users
90003223	user.role.engg	MISSING	Missing in sys_users
90003238	user.role.engg	MISSING	Missing in sys_users
90003361	user.role.engg	MISSING	Missing in sys_users
90003362	user.role.engg	MISSING	Missing in sys_users
90003366	user.role.engg	MISSING	Missing in sys_users
90003369	user.role.engg	MISSING	Missing in sys_users
10543340	user.role.engg	user.role.pl	Mismatch
13563563	user.role.engg	user.role.pl	Mismatch
13574377	user.role.engg	user.role.pl	Mismatch
13574378	user.role.engg	user.role.md.subpl	Mismatch
13599247	user.role.engg	user.role.md.subpl	Mismatch
16756575	user.role.engg	user.role.pl	Mismatch
21500807	user.role.engg	user.role.pl	Mismatch
25514276	user.role.engg	MISSING	Missing in sys_users
11569138	user.role.engg	user.role.pl	Mismatch
13588656	user.role.engg	user.role.pl	Mismatch
13590160	user.role.engg	user.role.md.subpl	Mismatch
13604236	user.role.engg	user.role.pl	Mismatch
13636596	user.role.engg	user.role.md.subpl	Mismatch
04735211	user.role.engg	user.role.partlead	Mismatch
10501559	user.role.engg	user.role.md.subpl	Mismatch
12509817	user.role.engg	user.role.pl	Mismatch
13549430	user.role.engg	user.role.pl	Mismatch
13618454	user.role.engg	user.role.md.subpl	Mismatch
05546349	user.role.engg	user.role.pl	Mismatch
08515918	user.role.engg	user.role.pl	Mismatch
13613526	user.role.engg	user.role.partlead	Mismatch
13649129	user.role.engg	user.role.partlead	Mismatch
25514280	user.role.engg	MISSING	Missing in sys_users
25514281	user.role.engg	MISSING	Missing in sys_users
25514282	user.role.engg	MISSING	Missing in sys_users
25514284	user.role.engg	MISSING	Missing in sys_users
25514283	user.role.engg	MISSING	Missing in sys_users
25514285	user.role.engg	MISSING	Missing in sys_users
90003502	user.role.engg	MISSING	Missing in sys_users
90003509	user.role.engg	MISSING	Missing in sys_users
25517223	user.role.engg	MISSING	Missing in sys_users
25517220	user.role.engg	MISSING	Missing in sys_users
25517218	user.role.engg	MISSING	Missing in sys_users
25517219	user.role.engg	MISSING	Missing in sys_users
90003514	user.role.engg	MISSING	Missing in sys_users
25514238	user.role.engg	MISSING	Missing in sys_users
25514248	user.role.engg	MISSING	Missing in sys_users
25514247	user.role.engg	MISSING	Missing in sys_users
25514261	user.role.engg	MISSING	Missing in sys_users
25514239	user.role.engg	MISSING	Missing in sys_users
25514250	user.role.engg	MISSING	Missing in sys_users
25514245	user.role.engg	MISSING	Missing in sys_users
25514267	user.role.engg	MISSING	Missing in sys_users
25514278	user.role.engg	MISSING	Missing in sys_users
25514286	user.role.engg	MISSING	Missing in sys_users
25514287	user.role.engg	MISSING	Missing in sys_users
25514288	user.role.engg	MISSING	Missing in sys_users
25514289	user.role.engg	MISSING	Missing in sys_users
25517222	user.role.engg	MISSING	Missing in sys_users
25517221	user.role.engg	MISSING	Missing in sys_users
25500877	user.role.engg	MISSING	Missing in sys_users
25500876	user.role.engg	MISSING	Missing in sys_users
25500914	user.role.engg	MISSING	Missing in sys_users
25500910	user.role.engg	MISSING	Missing in sys_users
25500879	user.role.engg	MISSING	Missing in sys_users
25500872	user.role.engg	MISSING	Missing in sys_users
25500888	user.role.engg	MISSING	Missing in sys_users
25500895	user.role.engg	MISSING	Missing in sys_users
25500875	user.role.engg	MISSING	Missing in sys_users
25500882	user.role.engg	MISSING	Missing in sys_users
25500878	user.role.engg	MISSING	Missing in sys_users
25500873	user.role.engg	MISSING	Missing in sys_users
25500870	user.role.engg	MISSING	Missing in sys_users
25500909	user.role.engg	MISSING	Missing in sys_users
25500915	user.role.engg	MISSING	Missing in sys_users
18804664	MISSING	user.role.pl	Missing in role_data
9534968	MISSING	user.role.partlead	Missing in role_data
7702514	MISSING	user.role.pl	Missing in role_data
7622595	MISSING	user.role.pl	Missing in role_data
9527654	MISSING	user.role.pl	Missing in role_data
8530205	MISSING	user.role.pl	Missing in role_data
8524839	MISSING	user.role.pl	Missing in role_data
8522930	MISSING	user.role.pl	Missing in role_data
9536852	MISSING	user.role.pl	Missing in role_data
21523560	MISSING	user.role.pl	Missing in role_data
8557515	MISSING	user.role.partlead	Missing in role_data
7798370	MISSING	user.role.partlead	Missing in role_data
4702561	MISSING	user.role.pl	Missing in role_data
5519573	MISSING	user.role.grouphead	Missing in role_data
8524853	MISSING	user.role.pl	Missing in role_data
4707953	MISSING	user.role.pl	Missing in role_data
13598067	MISSING	user.role.pl	Missing in role_data
6651430	MISSING	user.role.partlead	Missing in role_data
12524380	MISSING	user.role.pl	Missing in role_data
6654382	MISSING	user.role.pl	Missing in role_data
7533688	MISSING	user.role.pl	Missing in role_data
5557971	MISSING	user.role.partlead	Missing in role_data
14827024	MISSING	user.role.pl	Missing in role_data
21523578	MISSING	user.role.pl	Missing in role_data
6680064	MISSING	user.role.partlead	Missing in role_data
8520608	MISSING	user.role.partlead	Missing in role_data
7685269	MISSING	user.role.pl	Missing in role_data
8583571	MISSING	user.role.pl	Missing in role_data
8524850	MISSING	user.role.pl	Missing in role_data
12572992	MISSING	user.role.engg	Missing in role_data
11635142	MISSING	user.role.md.subpl	Missing in role_data
6679976	MISSING	user.role.partlead	Missing in role_data
21518249	MISSING	user.role.pl	Missing in role_data
3645452	MISSING	user.role.partlead	Missing in role_data
8657656	MISSING	user.role.pl	Missing in role_data
11576116	MISSING	user.role.pl	Missing in role_data
8552838	MISSING	user.role.pl	Missing in role_data
7860244	MISSING	user.role.partlead	Missing in role_data
6680020	MISSING	user.role.partlead	Missing in role_data
9500945	MISSING	user.role.pl	Missing in role_data
22519387	MISSING	user.role.pl	Missing in role_data
5638448	MISSING	user.role.partlead	Missing in role_data
6680053	MISSING	user.role.partlead	Missing in role_data
3652628	MISSING	user.role.partlead	Missing in role_data
4676908	MISSING	user.role.pl	Missing in role_data
8614946	MISSING	user.role.pl	Missing in role_data
13544660	MISSING	user.role.engg	Missing in role_data
13501596	MISSING	user.role.engg	Missing in role_data
06514654	MISSING	user.role.md.subpl	Missing in role_data
12565656	MISSING	user.role.engg	Missing in role_data
12525343	MISSING	user.role.engg	Missing in role_data
2633923	MISSING	user.role.teamhead	Missing in role_data
4728181	MISSING	user.role.teamhead	Missing in role_data
4728045	MISSING	user.role.grouphead	Missing in role_data
5542074	MISSING	user.role.grouphead	Missing in role_data
6680019	MISSING	user.role.grouphead	Missing in role_data
8537686	MISSING	user.role.grouphead	Missing in role_data
6680075	MISSING	user.role.grouphead	Missing in role_data
4718687	MISSING	user.role.grouphead	Missing in role_data
7823350	MISSING	user.role.grouphead	Missing in role_data
9521578	MISSING	user.role.grouphead	Missing in role_data
5729577	MISSING	user.role.grouphead	Missing in role_data
5650782	MISSING	user.role.partlead	Missing in role_data
5599111	MISSING	user.role.partlead	Missing in role_data
10531391	MISSING	user.role.partlead	Missing in role_data
13512400	MISSING		Missing in role_data
6651394	MISSING	user.role.sab	Missing in role_data
9518061	MISSING	user.role.grouphead	Missing in role_data
22505362	MISSING	user.role.partlead	Missing in role_data
3652797	MISSING	user.role.partlead	Missing in role_data
6747020	MISSING	user.role.partlead	Missing in role_data
7668748	MISSING	user.role.partlead	Missing in role_data
6680097	MISSING	user.role.partlead	Missing in role_data
8511481	MISSING	user.role.partlead	Missing in role_data
3645463	MISSING	user.role.grouphead	Missing in role_data
21533086	MISSING	user.role.engg	Missing in role_data
5534565	MISSING	user.role.grouphead	Missing in role_data
7531886	MISSING	user.role.teamhead	Missing in role_data
5630308	MISSING	user.role.teamhead	Missing in role_data
9502419	MISSING	user.role.teamhead	Missing in role_data
5557960	MISSING	user.role.teamhead	Missing in role_data
4734387	MISSING	user.role.teamhead	Missing in role_data
22533359	MISSING	user.role.engg	Missing in role_data
22526581	MISSING	user.role.engg	Missing in role_data
20519786	MISSING	user.role.engg	Missing in role_data
21507625	MISSING	user.role.engg	Missing in role_data
21513786	MISSING	user.role.engg	Missing in role_data
21518904	MISSING	user.role.engg	Missing in role_data
22505361	MISSING	user.role.engg	Missing in role_data
22508159	MISSING	user.role.engg	Missing in role_data
22512647	MISSING	user.role.engg	Missing in role_data
22513219	MISSING	user.role.engg	Missing in role_data
22521174	MISSING	user.role.engg	Missing in role_data
22521175	MISSING	user.role.engg	Missing in role_data
22528639	MISSING	user.role.engg	Missing in role_data
7842673	MISSING	user.role.engg	Missing in role_data
11627287	MISSING	user.role.engg	Missing in role_data
22517905	MISSING	user.role.engg	Missing in role_data
7620317	MISSING	user.role.engg	Missing in role_data
10552465	MISSING	user.role.engg	Missing in role_data
22517858	MISSING	user.role.engg	Missing in role_data
14832369	MISSING	user.role.engg	Missing in role_data
22505970	MISSING	user.role.engg	Missing in role_data
22510347	MISSING	user.role.engg	Missing in role_data
22518384	MISSING	user.role.engg	Missing in role_data
22524248	MISSING		Missing in role_data
22524340	MISSING	user.role.engg	Missing in role_data
18777052	MISSING		Missing in role_data
21500845	MISSING	user.role.engg	Missing in role_data
21500882	MISSING	user.role.engg	Missing in role_data
21500894	MISSING	user.role.engg	Missing in role_data
22512539	MISSING	user.role.engg	Missing in role_data
22518382	MISSING	user.role.engg	Missing in role_data
22524262	MISSING	user.role.engg	Missing in role_data
8524241	MISSING	user.role.teamhead	Missing in role_data
15777055	MISSING	user.role.engg	Missing in role_data
22524374	MISSING	user.role.engg	Missing in role_data
21500939	MISSING	user.role.engg	Missing in role_data
22517678	MISSING	user.role.engg	Missing in role_data
22518393	MISSING	user.role.engg	Missing in role_data
22524300	MISSING	user.role.engg	Missing in role_data
22524308	MISSING	user.role.engg	Missing in role_data
8531542	MISSING	user.role.pl	Missing in role_data
21523574	MISSING	user.role.engg	Missing in role_data
21536806	MISSING	user.role.engg	Missing in role_data
22524414	MISSING	user.role.engg	Missing in role_data
12580408	MISSING	user.role.md.subpl	Missing in role_data
13608727	MISSING	user.role.engg	Missing in role_data
21523506	MISSING	user.role.engg	Missing in role_data
21523511	MISSING	user.role.engg	Missing in role_data
21523526	MISSING	user.role.engg	Missing in role_data
21523530	MISSING	user.role.engg	Missing in role_data
21523532	MISSING	user.role.engg	Missing in role_data
21523587	MISSING	user.role.engg	Missing in role_data
22514642	MISSING	user.role.engg	Missing in role_data
22519489	MISSING		Missing in role_data
22524237	MISSING	user.role.engg	Missing in role_data
22524363	MISSING	user.role.engg	Missing in role_data
22524370	MISSING	user.role.engg	Missing in role_data
22524423	MISSING		Missing in role_data
22531172	MISSING	user.role.engg	Missing in role_data
22535857	MISSING	user.role.engg	Missing in role_data
23505898	MISSING	user.role.engg	Missing in role_data
23506618	MISSING	user.role.engg	Missing in role_data
21523558	MISSING	user.role.engg	Missing in role_data
21523589	MISSING	user.role.engg	Missing in role_data
22502935	MISSING	user.role.engg	Missing in role_data
22517906	MISSING	user.role.engg	Missing in role_data
22524238	MISSING	user.role.engg	Missing in role_data
22524342	MISSING	user.role.engg	Missing in role_data
22524239	MISSING	user.role.engg	Missing in role_data
22524365	MISSING	user.role.engg	Missing in role_data
14578732	MISSING	user.role.engg	Missing in role_data
21523533	MISSING	user.role.engg	Missing in role_data
21523543	MISSING	user.role.engg	Missing in role_data
21523642	MISSING	user.role.engg	Missing in role_data
22511836	MISSING	user.role.engg	Missing in role_data
22517857	MISSING		Missing in role_data
21523536	MISSING	user.role.engg	Missing in role_data
22511328	MISSING	user.role.engg	Missing in role_data
22517908	MISSING	user.role.engg	Missing in role_data
22524327	MISSING	user.role.engg	Missing in role_data
22524330	MISSING	user.role.engg	Missing in role_data
22516232	MISSING	user.role.engg	Missing in role_data
23500880	MISSING	user.role.engg	Missing in role_data
8500587	MISSING	user.role.engg	Missing in role_data
8500611	MISSING	user.role.engg	Missing in role_data
21523522	MISSING	user.role.engg	Missing in role_data
21523638	MISSING	user.role.engg	Missing in role_data
22512550	MISSING	user.role.engg	Missing in role_data
22517909	MISSING	user.role.engg	Missing in role_data
22517917	MISSING	user.role.engg	Missing in role_data
22524361	MISSING	user.role.engg	Missing in role_data
22524407	MISSING	user.role.engg	Missing in role_data
22524408	MISSING	user.role.engg	Missing in role_data
13584589	MISSING	user.role.engg	Missing in role_data
13603476	MISSING	user.role.engg	Missing in role_data
17797679	MISSING	user.role.engg	Missing in role_data
22515444	MISSING	user.role.engg	Missing in role_data
22515765	MISSING	user.role.engg	Missing in role_data
22517872	MISSING	user.role.engg	Missing in role_data
22531167	MISSING	user.role.engg	Missing in role_data
13517589	MISSING	user.role.engg	Missing in role_data
18784060	MISSING	user.role.engg	Missing in role_data
20526513	MISSING	user.role.engg	Missing in role_data
21523631	MISSING	user.role.engg	Missing in role_data
22507914	MISSING	user.role.engg	Missing in role_data
22524403	MISSING	user.role.engg	Missing in role_data
11548331	MISSING		Missing in role_data
12546126	MISSING	user.role.engg	Missing in role_data
22503507	MISSING	user.role.engg	Missing in role_data
4733475	MISSING	user.role.partlead	Missing in role_data
23508686	MISSING	user.role.engg	Missing in role_data
20526512	MISSING		Missing in role_data
22515519	MISSING	user.role.engg	Missing in role_data
22517859	MISSING		Missing in role_data
22524244	MISSING	user.role.engg	Missing in role_data
22524353	MISSING	user.role.engg	Missing in role_data
22524348	MISSING	user.role.engg	Missing in role_data
22524358	MISSING	user.role.engg	Missing in role_data
8531600	MISSING	user.role.engg	Missing in role_data
21500953	MISSING	user.role.engg	Missing in role_data
22506403	MISSING	user.role.engg	Missing in role_data
7559231	MISSING	user.role.pl	Missing in role_data
21523542	MISSING	user.role.engg	Missing in role_data
22524355	MISSING	user.role.engg	Missing in role_data
22524345	MISSING	user.role.engg	Missing in role_data
21500756	MISSING	user.role.engg	Missing in role_data
21500802	MISSING	user.role.engg	Missing in role_data
21523559	MISSING	user.role.engg	Missing in role_data
22524376	MISSING	user.role.engg	Missing in role_data
22524383	MISSING	user.role.engg	Missing in role_data
22524445	MISSING	user.role.engg	Missing in role_data
15832506	MISSING	user.role.engg	Missing in role_data
13501631	MISSING		Missing in role_data
21500797	MISSING	user.role.engg	Missing in role_data
21500842	MISSING	user.role.engg	Missing in role_data
21500859	MISSING	user.role.engg	Missing in role_data
21500884	MISSING	user.role.engg	Missing in role_data
21523598	MISSING	user.role.engg	Missing in role_data
22512549	MISSING	user.role.engg	Missing in role_data
22517883	MISSING	user.role.engg	Missing in role_data
22524252	MISSING	user.role.engg	Missing in role_data
22524380	MISSING	user.role.engg	Missing in role_data
22524382	MISSING	user.role.engg	Missing in role_data
22524400	MISSING	user.role.engg	Missing in role_data
15804901	MISSING	user.role.engg	Missing in role_data
21523630	MISSING	user.role.engg	Missing in role_data
22512542	MISSING	user.role.engg	Missing in role_data
22512538	MISSING	user.role.engg	Missing in role_data
22524298	MISSING	user.role.engg	Missing in role_data
22524390	MISSING	user.role.engg	Missing in role_data
12548476	MISSING		Missing in role_data
21500804	MISSING	user.role.engg	Missing in role_data
21500962	MISSING	user.role.engg	Missing in role_data
21523516	MISSING	user.role.engg	Missing in role_data
22506222	MISSING	user.role.engg	Missing in role_data
22507912	MISSING		Missing in role_data
9527700	MISSING	user.role.pl	Missing in role_data
11528523	MISSING	user.role.md.subpl	Missing in role_data
13583879	MISSING	user.role.engg	Missing in role_data
16788358	MISSING	user.role.engg	Missing in role_data
20512229	MISSING	user.role.engg	Missing in role_data
20526500	MISSING	user.role.engg	Missing in role_data
20526506	MISSING	user.role.engg	Missing in role_data
20526525	MISSING	user.role.engg	Missing in role_data
21500769	MISSING	user.role.engg	Missing in role_data
21500940	MISSING	user.role.engg	Missing in role_data
21523489	MISSING	user.role.engg	Missing in role_data
22505972	MISSING	user.role.engg	Missing in role_data
22524420	MISSING	user.role.engg	Missing in role_data
22524419	MISSING	user.role.engg	Missing in role_data
21500849	MISSING	user.role.engg	Missing in role_data
21500862	MISSING	user.role.engg	Missing in role_data
21518238	MISSING	user.role.engg	Missing in role_data
22503138	MISSING	user.role.engg	Missing in role_data
22524442	MISSING	user.role.engg	Missing in role_data
22524444	MISSING	user.role.engg	Missing in role_data
22524446	MISSING	user.role.engg	Missing in role_data
22524447	MISSING	user.role.engg	Missing in role_data
22524457	MISSING	user.role.engg	Missing in role_data
19529183	MISSING	user.role.engg	Missing in role_data
21531755	MISSING	user.role.engg	Missing in role_data
22520558	MISSING	user.role.engg	Missing in role_data
22524452	MISSING	user.role.engg	Missing in role_data
21500761	MISSING	user.role.engg	Missing in role_data
21500969	MISSING	user.role.pl	Missing in role_data
21523550	MISSING		Missing in role_data
21523592	MISSING	user.role.engg	Missing in role_data
22506228	MISSING	user.role.engg	Missing in role_data
22509400	MISSING	user.role.engg	Missing in role_data
22510367	MISSING	user.role.engg	Missing in role_data
22511308	MISSING		Missing in role_data
22524251	MISSING	user.role.engg	Missing in role_data
22524448	MISSING	user.role.engg	Missing in role_data
22524456	MISSING	user.role.engg	Missing in role_data
22536821	MISSING	user.role.engg	Missing in role_data
11624071	MISSING	user.role.md.subpl	Missing in role_data
13529059	MISSING		Missing in role_data
21500968	MISSING	user.role.engg	Missing in role_data
22506221	MISSING	user.role.engg	Missing in role_data
22509512	MISSING		Missing in role_data
22510349	MISSING		Missing in role_data
22524277	MISSING	user.role.engg	Missing in role_data
8500604	MISSING	user.role.pl	Missing in role_data
20509215	MISSING	user.role.engg	Missing in role_data
20526505	MISSING		Missing in role_data
21500848	MISSING		Missing in role_data
22524279	MISSING	user.role.engg	Missing in role_data
8676731	MISSING	user.role.engg	Missing in role_data
12556339	MISSING	user.role.engg	Missing in role_data
22515977	MISSING	user.role.engg	Missing in role_data
22537699	MISSING	user.role.engg	Missing in role_data
22517898	MISSING	user.role.engg	Missing in role_data
21527838	MISSING	user.role.engg	Missing in role_data
22508444	MISSING	user.role.engg	Missing in role_data
22508939	MISSING	user.role.engg	Missing in role_data
13622359	MISSING		Missing in role_data
22510345	MISSING	user.role.engg	Missing in role_data
22512547	MISSING	user.role.engg	Missing in role_data
22524333	MISSING	user.role.engg	Missing in role_data
22524600	MISSING		Missing in role_data
8612280	MISSING	user.role.grouphead	Missing in role_data
6651383	MISSING	user.role.engg	Missing in role_data
7823349	MISSING	user.role.pl	Missing in role_data
8717962	MISSING	user.role.engg	Missing in role_data
19543470	MISSING	user.role.engg	Missing in role_data
21536056	MISSING	user.role.engg	Missing in role_data
22501019	MISSING	user.role.engg	Missing in role_data
22507911	MISSING	user.role.engg	Missing in role_data
22509653	MISSING	user.role.engg	Missing in role_data
22516182	MISSING	user.role.engg	Missing in role_data
22516227	MISSING	user.role.engg	Missing in role_data
11545487	MISSING	user.role.engg	Missing in role_data
21523505	MISSING	user.role.engg	Missing in role_data
22503141	MISSING	user.role.engg	Missing in role_data
22503139	MISSING	user.role.engg	Missing in role_data
22504719	MISSING	user.role.md.subpl	Missing in role_data
22508843	MISSING		Missing in role_data
22510346	MISSING	user.role.engg	Missing in role_data
22516228	MISSING	user.role.engg	Missing in role_data
22517879	MISSING	user.role.engg	Missing in role_data
22518391	MISSING	user.role.engg	Missing in role_data
22524271	MISSING	user.role.engg	Missing in role_data
22524450	MISSING	user.role.engg	Missing in role_data
22531163	MISSING	user.role.engg	Missing in role_data
8755780	MISSING	user.role.engg	Missing in role_data
13501639	MISSING	user.role.engg	Missing in role_data
21533088	MISSING	user.role.engg	Missing in role_data
22505753	MISSING	user.role.engg	Missing in role_data
23506625	MISSING	user.role.engg	Missing in role_data
22519503	MISSING	user.role.engg	Missing in role_data
5639054	MISSING	user.role.md.subpl	Missing in role_data
9522971	MISSING	user.role.md.subpl	Missing in role_data
13646783	MISSING	user.role.engg	Missing in role_data
22530816	MISSING	user.role.engg	Missing in role_data
13620038	MISSING	user.role.engg	Missing in role_data
14573156	MISSING		Missing in role_data
17797839	MISSING		Missing in role_data
19529241	MISSING	user.role.engg	Missing in role_data
21523556	MISSING	user.role.engg	Missing in role_data
21527549	MISSING	user.role.engg	Missing in role_data
22501020	MISSING	user.role.engg	Missing in role_data
22507913	MISSING	user.role.engg	Missing in role_data
22510344	MISSING	user.role.engg	Missing in role_data
22513251	MISSING	user.role.engg	Missing in role_data
22518394	MISSING		Missing in role_data
22524324	MISSING	user.role.engg	Missing in role_data
22524434	MISSING		Missing in role_data
7670282	MISSING	user.role.engg	Missing in role_data
10543835	MISSING	user.role.engg	Missing in role_data
8536525	MISSING	user.role.pl	Missing in role_data
11584777	MISSING	user.role.engg	Missing in role_data
17797929	MISSING		Missing in role_data
21518252	MISSING	user.role.engg	Missing in role_data
22512544	MISSING	user.role.engg	Missing in role_data
22524391	MISSING	user.role.engg	Missing in role_data
23500922	MISSING		Missing in role_data
13547606	MISSING	user.role.engg	Missing in role_data
22522757	MISSING	user.role.engg	Missing in role_data
7664702	MISSING	user.role.engg	Missing in role_data
21518245	MISSING	user.role.engg	Missing in role_data
22517888	MISSING	user.role.engg	Missing in role_data
22524393	MISSING		Missing in role_data
22524415	MISSING	user.role.engg	Missing in role_data
14829580	MISSING	user.role.engg	Missing in role_data
17781153	MISSING		Missing in role_data
22503466	MISSING		Missing in role_data
22510879	MISSING	user.role.engg	Missing in role_data
22512012	MISSING	user.role.engg	Missing in role_data
22519486	MISSING	user.role.engg	Missing in role_data
22528343	MISSING	user.role.engg	Missing in role_data
11519501	MISSING	user.role.engg	Missing in role_data
22508940	MISSING	user.role.engg	Missing in role_data
22514184	MISSING	user.role.engg	Missing in role_data
22530242	MISSING	user.role.engg	Missing in role_data
22529374	MISSING	user.role.engg	Missing in role_data
12640989	MISSING	user.role.partlead	Missing in role_data
5638982	MISSING	user.role.engg	Missing in role_data
11531500	MISSING	user.role.engg	Missing in role_data
18774023	MISSING		Missing in role_data
22532667	MISSING	user.role.engg	Missing in role_data
21512667	MISSING	user.role.engg	Missing in role_data
21523493	MISSING	user.role.engg	Missing in role_data
22512548	MISSING	user.role.engg	Missing in role_data
22524253	MISSING	user.role.engg	Missing in role_data
22524394	MISSING	user.role.engg	Missing in role_data
7616797	MISSING	user.role.engg	Missing in role_data
21500906	MISSING	user.role.engg	Missing in role_data
21523562	MISSING	user.role.engg	Missing in role_data
12556958	MISSING		Missing in role_data
20506459	MISSING	user.role.engg	Missing in role_data
21500765	MISSING	user.role.engg	Missing in role_data
21500820	MISSING	user.role.engg	Missing in role_data
21523597	MISSING	user.role.engg	Missing in role_data
21523640	MISSING	user.role.engg	Missing in role_data
21500771	MISSING	user.role.engg	Missing in role_data
21500806	MISSING	user.role.engg	Missing in role_data
21523601	MISSING		Missing in role_data
22514320	MISSING	user.role.engg	Missing in role_data
4734876	MISSING	user.role.engg	Missing in role_data
8534369	MISSING	user.role.engg	Missing in role_data
8516167	MISSING	user.role.engg	Missing in role_data
13607723	MISSING	user.role.pl	Missing in role_data
11593864	MISSING	user.role.engg	Missing in role_data
16788394	MISSING	user.role.engg	Missing in role_data
20526515	MISSING	user.role.engg	Missing in role_data
21500854	MISSING	user.role.engg	Missing in role_data
21500876	MISSING	user.role.engg	Missing in role_data
22506229	MISSING	user.role.engg	Missing in role_data
22511317	MISSING	user.role.engg	Missing in role_data
22512792	MISSING	user.role.engg	Missing in role_data
22522722	MISSING	user.role.engg	Missing in role_data
22536182	MISSING	user.role.engg	Missing in role_data
7669332	MISSING	user.role.engg	Missing in role_data
8756830	MISSING	user.role.engg	Missing in role_data
8521282	MISSING	user.role.engg	Missing in role_data
12546267	MISSING	user.role.engg	Missing in role_data
8500609	MISSING	user.role.engg	Missing in role_data
21500892	MISSING	user.role.engg	Missing in role_data
21500966	MISSING	user.role.engg	Missing in role_data
21523611	MISSING	user.role.engg	Missing in role_data
22520233	MISSING	user.role.engg	Missing in role_data
22524284	MISSING	user.role.engg	Missing in role_data
12535640	MISSING	user.role.engg	Missing in role_data
22505028	MISSING	user.role.engg	Missing in role_data
22505033	MISSING	user.role.engg	Missing in role_data
22508156	MISSING	user.role.engg	Missing in role_data
22508158	MISSING	user.role.engg	Missing in role_data
22508160	MISSING	user.role.engg	Missing in role_data
22531180	MISSING	user.role.engg	Missing in role_data
4729866	MISSING	user.role.engg	Missing in role_data
6744816	MISSING	user.role.engg	Missing in role_data
9538683	MISSING	user.role.partlead	Missing in role_data
11600823	MISSING		Missing in role_data
16771694	MISSING	user.role.engg	Missing in role_data
21512669	MISSING	user.role.engg	Missing in role_data
21529466	MISSING	user.role.engg	Missing in role_data
22505034	MISSING	user.role.engg	Missing in role_data
22508152	MISSING	user.role.engg	Missing in role_data
22511321	MISSING	user.role.engg	Missing in role_data
22513322	MISSING	user.role.engg	Missing in role_data
22517918	MISSING	user.role.engg	Missing in role_data
22522471	MISSING	user.role.engg	Missing in role_data
21523157	MISSING	user.role.engg	Missing in role_data
13501615	MISSING	user.role.engg	Missing in role_data
20509219	MISSING	user.role.engg	Missing in role_data
21507648	MISSING	user.role.engg	Missing in role_data
21507645	MISSING	user.role.engg	Missing in role_data
22503465	MISSING	user.role.engg	Missing in role_data
22530244	MISSING	user.role.engg	Missing in role_data
22520126	MISSING	user.role.engg	Missing in role_data
8532034	MISSING	user.role.md.subpl	Missing in role_data
8552849	MISSING	user.role.engg	Missing in role_data
8612279	MISSING	user.role.md.subpl	Missing in role_data
19534074	MISSING	user.role.engg	Missing in role_data
22511320	MISSING	user.role.engg	Missing in role_data
22524296	MISSING	user.role.engg	Missing in role_data
22524422	MISSING	user.role.engg	Missing in role_data
12565646	MISSING	user.role.engg	Missing in role_data
20526518	MISSING	user.role.engg	Missing in role_data
21500816	MISSING	user.role.engg	Missing in role_data
21500830	MISSING	user.role.engg	Missing in role_data
21523561	MISSING	user.role.engg	Missing in role_data
21523593	MISSING	user.role.engg	Missing in role_data
22506218	MISSING	user.role.engg	Missing in role_data
22511313	MISSING	user.role.engg	Missing in role_data
22517871	MISSING	user.role.engg	Missing in role_data
22524245	MISSING	user.role.engg	Missing in role_data
22524258	MISSING	user.role.engg	Missing in role_data
22524294	MISSING	user.role.engg	Missing in role_data
22524325	MISSING	user.role.engg	Missing in role_data
22524410	MISSING	user.role.engg	Missing in role_data
22531173	MISSING	user.role.engg	Missing in role_data
23500881	MISSING	user.role.engg	Missing in role_data
23506757	MISSING	user.role.engg	Missing in role_data
3652742	MISSING	user.role.engg	Missing in role_data
9531147	MISSING	user.role.pl	Missing in role_data
13581260	MISSING	user.role.engg	Missing in role_data
21523507	MISSING		Missing in role_data
21523607	MISSING		Missing in role_data
22508445	MISSING	user.role.engg	Missing in role_data
22511305	MISSING	user.role.engg	Missing in role_data
22524424	MISSING	user.role.engg	Missing in role_data
22531177	MISSING		Missing in role_data
17802656	MISSING	user.role.engg	Missing in role_data
22503812	MISSING	user.role.admin	Missing in role_data
22514041	MISSING	user.role.engg	Missing in role_data
20503141	MISSING		Missing in role_data
23506619	MISSING	user.role.engg	Missing in role_data
7686820	MISSING	user.role.engg	Missing in role_data
11525563	MISSING	user.role.engg	Missing in role_data
13627123	MISSING	user.role.engg	Missing in role_data
18784118	MISSING	user.role.engg	Missing in role_data
21523501	MISSING	user.role.engg	Missing in role_data
21523524	MISSING	user.role.engg	Missing in role_data
22505969	MISSING	user.role.engg	Missing in role_data
22518390	MISSING	user.role.engg	Missing in role_data
22524438	MISSING	user.role.engg	Missing in role_data
22509245	MISSING	user.role.engg	Missing in role_data
22518392	MISSING	user.role.engg	Missing in role_data
12524382	MISSING	user.role.engg	Missing in role_data
12546119	MISSING	user.role.partlead	Missing in role_data
12548481	MISSING	user.role.engg	Missing in role_data
12572696	MISSING	user.role.engg	Missing in role_data
17797714	MISSING	user.role.engg	Missing in role_data
19529213	MISSING	user.role.engg	Missing in role_data
22505094	MISSING	user.role.engg	Missing in role_data
22505100	MISSING	user.role.engg	Missing in role_data
22512541	MISSING	user.role.engg	Missing in role_data
22529320	MISSING	user.role.engg	Missing in role_data
22520230	MISSING	user.role.engg	Missing in role_data
22524425	MISSING	user.role.engg	Missing in role_data
11542541	MISSING	user.role.engg	Missing in role_data
13501598	MISSING	user.role.engg	Missing in role_data
12572731	MISSING	user.role.engg	Missing in role_data
13501613	MISSING	user.role.engg	Missing in role_data
13501642	MISSING	user.role.engg	Missing in role_data
17750230	MISSING		Missing in role_data
21502298	MISSING	user.role.engg	Missing in role_data
21530590	MISSING	user.role.engg	Missing in role_data
22509506	MISSING	user.role.engg	Missing in role_data
22519488	MISSING	user.role.engg	Missing in role_data
22531563	MISSING	user.role.engg	Missing in role_data
23507583	MISSING	user.role.engg	Missing in role_data
23509408	MISSING	user.role.engg	Missing in role_data
testPL	MISSING		Missing in role_data
tetsUser1	MISSING		Missing in role_data
testUser2	MISSING		Missing in role_data
testUser3	MISSING		Missing in role_data
testUser4	MISSING		Missing in role_data
23510416	MISSING	user.role.engg	Missing in role_data
23509151	MISSING		Missing in role_data
23509152	MISSING		Missing in role_data
23509517	MISSING		Missing in role_data
23509518	MISSING		Missing in role_data
23509520	MISSING		Missing in role_data
23509516	MISSING		Missing in role_data
23509515	MISSING		Missing in role_data
23509519	MISSING		Missing in role_data
23509513	MISSING		Missing in role_data
23509514	MISSING		Missing in role_data
23509156	MISSING		Missing in role_data
23509153	MISSING		Missing in role_data
23509155	MISSING		Missing in role_data
23509154	MISSING		Missing in role_data
21507644	MISSING		Missing in role_data
23507709	MISSING		Missing in role_data
23507713	MISSING	user.role.engg	Missing in role_data
23507712	MISSING		Missing in role_data
23507711	MISSING		Missing in role_data
23507710	MISSING		Missing in role_data
23509157	MISSING		Missing in role_data
23509161	MISSING		Missing in role_data
23509163	MISSING		Missing in role_data
23509159	MISSING		Missing in role_data
23509164	MISSING		Missing in role_data
23509160	MISSING		Missing in role_data
23509162	MISSING		Missing in role_data
23509165	MISSING		Missing in role_data
2252	MISSING	user.role.md	Missing in role_data
testUser5	MISSING		Missing in role_data
23514645	MISSING		Missing in role_data
13067759	MISSING	user.role.md	Missing in role_data
02002702	MISSING	user.role.md	Missing in role_data
13039491	MISSING	user.role.md	Missing in role_data
99026263	MISSING	user.role.md	Missing in role_data
13038443	MISSING	user.role.md	Missing in role_data
23514249	MISSING	user.role.engg	Missing in role_data
23514220	MISSING	user.role.engg	Missing in role_data
23514265	MISSING	user.role.engg	Missing in role_data
23514221	MISSING	user.role.engg	Missing in role_data
23514252	MISSING	user.role.engg	Missing in role_data
23514222	MISSING	user.role.engg	Missing in role_data
23514261	MISSING	user.role.engg	Missing in role_data
23514243	MISSING	user.role.engg	Missing in role_data
23514258	MISSING	user.role.engg	Missing in role_data
23514259	MISSING	user.role.engg	Missing in role_data
23514237	MISSING	user.role.engg	Missing in role_data
23514215	MISSING	user.role.engg	Missing in role_data
23514228	MISSING	user.role.engg	Missing in role_data
23514256	MISSING	user.role.engg	Missing in role_data
23514223	MISSING	user.role.engg	Missing in role_data
23514226	MISSING	user.role.engg	Missing in role_data
23514561	MISSING	user.role.engg	Missing in role_data
23515677	MISSING		Missing in role_data
23520179	MISSING	user.role.engg	Missing in role_data
23525445	MISSING	user.role.engg	Missing in role_data
23522672	MISSING	user.role.engg	Missing in role_data
23520211	MISSING	user.role.engg	Missing in role_data
23528158	MISSING	user.role.engg	Missing in role_data
23516201	MISSING	user.role.engg	Missing in role_data
24500046	MISSING	user.role.engg	Missing in role_data
24500060	MISSING	user.role.engg	Missing in role_data
24500107	MISSING	user.role.engg	Missing in role_data
24500089	MISSING	user.role.engg	Missing in role_data
24500080	MISSING	user.role.engg	Missing in role_data
23520189	MISSING	user.role.engg	Missing in role_data
23520200	MISSING	user.role.engg	Missing in role_data
8656299	MISSING	user.role.engg	Missing in role_data
23515474	MISSING	user.role.engg	Missing in role_data
23520188	MISSING	user.role.engg	Missing in role_data
23520209	MISSING	user.role.engg	Missing in role_data
23520225	MISSING	user.role.engg	Missing in role_data
23520228	MISSING	user.role.engg	Missing in role_data
23520488	MISSING	user.role.engg	Missing in role_data
23522195	MISSING	user.role.engg	Missing in role_data
23522793	MISSING	user.role.engg	Missing in role_data
24500103	MISSING	user.role.engg	Missing in role_data
24500108	MISSING	user.role.engg	Missing in role_data
24500306	MISSING	user.role.engg	Missing in role_data
24501190	MISSING	user.role.engg	Missing in role_data
24503287	MISSING	user.role.engg	Missing in role_data
24503297	MISSING	user.role.engg	Missing in role_data
24503300	MISSING	user.role.engg	Missing in role_data
24503310	MISSING	user.role.engg	Missing in role_data
24504395	MISSING	user.role.engg	Missing in role_data
24504903	MISSING	user.role.engg	Missing in role_data
24504906	MISSING	user.role.engg	Missing in role_data
24504957	MISSING	user.role.engg	Missing in role_data
24505892	MISSING	user.role.engg	Missing in role_data
24506737	MISSING	user.role.engg	Missing in role_data
90003390	MISSING	user.role.engg	Missing in role_data
24507651	MISSING	user.role.engg	Missing in role_data
24514176	MISSING	user.role.engg	Missing in role_data
24507652	MISSING	user.role.engg	Missing in role_data
24507648	MISSING	user.role.engg	Missing in role_data
24512155	MISSING	user.role.engg	Missing in role_data
24512180	MISSING	user.role.engg	Missing in role_data
24512143	MISSING	user.role.engg	Missing in role_data
90003412	MISSING	user.role.engg	Missing in role_data
24517928	MISSING	user.role.engg	Missing in role_data
24517955	MISSING	user.role.engg	Missing in role_data
25417879	MISSING	user.role.engg	Missing in role_data
24517850	MISSING	user.role.engg	Missing in role_data
0040ZB3087	MISSING	user.role.engg	Missing in role_data
24517917	MISSING	user.role.engg	Missing in role_data
25503450	MISSING	user.role.engg	Missing in role_data
25503465	MISSING	user.role.engg	Missing in role_data
25503460	MISSING	user.role.engg	Missing in role_data
25503464	MISSING	user.role.engg	Missing in role_data
25503455	MISSING	user.role.engg	Missing in role_data
25503449	MISSING	user.role.engg	Missing in role_data
25503000	MISSING	user.role.engg	Missing in role_data
25502993	MISSING	user.role.engg	Missing in role_data
25503468	MISSING	user.role.engg	Missing in role_data
25506781	MISSING	user.role.engg	Missing in role_data
25503790	MISSING	user.role.engg	Missing in role_data
25506783	MISSING	user.role.engg	Missing in role_data
8740425	MISSING	user.role.engg	Missing in role_data
grc20252103	MISSING	user.role.engg	Missing in role_data
grc20252104	MISSING	user.role.engg	Missing in role_data
grc20252105	MISSING	user.role.engg	Missing in role_data
grc20252106	MISSING	user.role.engg	Missing in role_data
grc20252107	MISSING	user.role.engg	Missing in role_data
grc20252108	MISSING	user.role.engg	Missing in role_data
grc20252109	MISSING	user.role.engg	Missing in role_data
grc20252110	MISSING	user.role.engg	Missing in role_data
grc20252111	MISSING	user.role.engg	Missing in role_data
grc20252112	MISSING	user.role.engg	Missing in role_data
grc20252113	MISSING	user.role.engg	Missing in role_data
grc20252114	MISSING	user.role.engg	Missing in role_data
grc20252115	MISSING	user.role.engg	Missing in role_data
grc20252116	MISSING	user.role.engg	Missing in role_data
grc20252117	MISSING	user.role.engg	Missing in role_data
grc20252118	MISSING	user.role.engg	Missing in role_data
grc20252119	MISSING	user.role.engg	Missing in role_data
grc20252120	MISSING	user.role.engg	Missing in role_data
grc20252121	MISSING	user.role.engg	Missing in role_data
grc20252122	MISSING	user.role.engg	Missing in role_data
grc20252123	MISSING	user.role.engg	Missing in role_data
grc20252124	MISSING	user.role.engg	Missing in role_data
grc20252125	MISSING	user.role.engg	Missing in role_data
grc20252126	MISSING	user.role.engg	Missing in role_data
grc20252127	MISSING	user.role.engg	Missing in role_data
grc20252128	MISSING	user.role.engg	Missing in role_data
grc20252129	MISSING	user.role.engg	Missing in role_data
grc20252130	MISSING	user.role.engg	Missing in role_data
grc20252131	MISSING	user.role.engg	Missing in role_data
grc20252132	MISSING	user.role.engg	Missing in role_data
grc20252133	MISSING	user.role.engg	Missing in role_data
grc20252134	MISSING	user.role.engg	Missing in role_data
grc20252135	MISSING	user.role.engg	Missing in role_data
grc20252136	MISSING	user.role.engg	Missing in role_data
grc20252137	MISSING	user.role.engg	Missing in role_data
grc20252138	MISSING	user.role.engg	Missing in role_data
grc20252139	MISSING	user.role.engg	Missing in role_data
grc20252140	MISSING	user.role.engg	Missing in role_data
grc20252141	MISSING	user.role.engg	Missing in role_data
grc20252142	MISSING	user.role.engg	Missing in role_data
grc20252143	MISSING	user.role.engg	Missing in role_data
grc20252144	MISSING	user.role.engg	Missing in role_data
grc20252145	MISSING	user.role.engg	Missing in role_data
grc20252146	MISSING	user.role.engg	Missing in role_data
grc20252147	MISSING	user.role.engg	Missing in role_data
grc20252148	MISSING	user.role.engg	Missing in role_data
grc20252149	MISSING	user.role.engg	Missing in role_data
grc20252150	MISSING	user.role.engg	Missing in role_data
grc20252151	MISSING	user.role.engg	Missing in role_data
grc20252152	MISSING	user.role.engg	Missing in role_data
grc20252153	MISSING	user.role.engg	Missing in role_data
grc20252154	MISSING	user.role.engg	Missing in role_data
grc20252155	MISSING	user.role.engg	Missing in role_data
grc20252156	MISSING	user.role.engg	Missing in role_data
grc20252157	MISSING	user.role.engg	Missing in role_data
grc20252158	MISSING	user.role.engg	Missing in role_data
grc20252159	MISSING	user.role.engg	Missing in role_data
grc20252160	MISSING	user.role.engg	Missing in role_data
grc20252161	MISSING	user.role.engg	Missing in role_data
grc20252162	MISSING	user.role.engg	Missing in role_data
grc20252163	MISSING	user.role.engg	Missing in role_data
grc20252164	MISSING	user.role.engg	Missing in role_data
grc20252165	MISSING	user.role.engg	Missing in role_data
grc20252166	MISSING	user.role.engg	Missing in role_data
grc20252167	MISSING	user.role.engg	Missing in role_data
grc20252168	MISSING	user.role.engg	Missing in role_data
grc20252169	MISSING	user.role.engg	Missing in role_data
grc20252170	MISSING	user.role.engg	Missing in role_data
grc20252171	MISSING	user.role.engg	Missing in role_data
grc20252172	MISSING	user.role.engg	Missing in role_data
grc20252173	MISSING	user.role.engg	Missing in role_data
grc20252174	MISSING	user.role.engg	Missing in role_data
grc20252175	MISSING	user.role.engg	Missing in role_data
grc20252176	MISSING	user.role.engg	Missing in role_data
grc20252177	MISSING	user.role.engg	Missing in role_data
grc20252178	MISSING	user.role.engg	Missing in role_data
grc20252179	MISSING	user.role.engg	Missing in role_data
grc20252180	MISSING	user.role.engg	Missing in role_data
grc20252181	MISSING	user.role.engg	Missing in role_data
grc20252182	MISSING	user.role.engg	Missing in role_data
grc20252183	MISSING	user.role.engg	Missing in role_data
grc20252184	MISSING	user.role.engg	Missing in role_data
grc20252185	MISSING	user.role.engg	Missing in role_data
grc20252186	MISSING	user.role.engg	Missing in role_data
grc20252187	MISSING	user.role.engg	Missing in role_data
grc20252188	MISSING	user.role.engg	Missing in role_data
grc20252189	MISSING	user.role.engg	Missing in role_data
grc20252190	MISSING	user.role.engg	Missing in role_data
grc20252191	MISSING	user.role.engg	Missing in role_data
grc20252192	MISSING	user.role.engg	Missing in role_data
grc20252193	MISSING	user.role.engg	Missing in role_data
grc20252194	MISSING	user.role.engg	Missing in role_data
grc20252195	MISSING	user.role.engg	Missing in role_data
grc20252196	MISSING	user.role.engg	Missing in role_data
grc20252197	MISSING	user.role.engg	Missing in role_data
grc20252198	MISSING	user.role.engg	Missing in role_data
grc20252199	MISSING	user.role.engg	Missing in role_data
grc20252200	MISSING	user.role.engg	Missing in role_data
grc20252201	MISSING	user.role.engg	Missing in role_data
grc20252202	MISSING	user.role.engg	Missing in role_data
grc20252203	MISSING	user.role.engg	Missing in role_data
grc20252204	MISSING	user.role.engg	Missing in role_data
grc20252205	MISSING	user.role.engg	Missing in role_data
grc20252206	MISSING	user.role.engg	Missing in role_data
grc20252207	MISSING	user.role.engg	Missing in role_data
grc20252208	MISSING	user.role.engg	Missing in role_data
grc20252209	MISSING	user.role.engg	Missing in role_data
grc20252210	MISSING	user.role.engg	Missing in role_data
grc20252211	MISSING	user.role.engg	Missing in role_data
grc20252212	MISSING	user.role.engg	Missing in role_data
grc20252213	MISSING	user.role.engg	Missing in role_data
grc20252214	MISSING	user.role.engg	Missing in role_data
grc20252215	MISSING	user.role.engg	Missing in role_data
grc20252216	MISSING	user.role.engg	Missing in role_data
grc20252217	MISSING	user.role.engg	Missing in role_data
grc20252218	MISSING	user.role.engg	Missing in role_data
grc20252219	MISSING	user.role.engg	Missing in role_data
grc20252220	MISSING	user.role.engg	Missing in role_data
grc20252221	MISSING	user.role.engg	Missing in role_data
grc20252222	MISSING	user.role.engg	Missing in role_data
grc20252223	MISSING	user.role.engg	Missing in role_data
grc20252224	MISSING	user.role.engg	Missing in role_data
grc20252225	MISSING	user.role.engg	Missing in role_data
grc20252226	MISSING	user.role.engg	Missing in role_data
grc20252227	MISSING	user.role.engg	Missing in role_data
grc20252228	MISSING	user.role.engg	Missing in role_data
grc20252229	MISSING	user.role.engg	Missing in role_data
grc20252230	MISSING	user.role.engg	Missing in role_data
grc20252231	MISSING	user.role.engg	Missing in role_data
grc20252232	MISSING	user.role.engg	Missing in role_data
grc20252233	MISSING	user.role.engg	Missing in role_data
grc20252234	MISSING	user.role.engg	Missing in role_data
grc20252235	MISSING	user.role.engg	Missing in role_data
grc20252236	MISSING	user.role.engg	Missing in role_data
grc20252237	MISSING	user.role.engg	Missing in role_data
grc20252238	MISSING	user.role.engg	Missing in role_data
grc20252239	MISSING	user.role.engg	Missing in role_data
grc20252240	MISSING	user.role.engg	Missing in role_data
grc20252241	MISSING	user.role.engg	Missing in role_data
grc20252242	MISSING	user.role.engg	Missing in role_data
grc20252243	MISSING	user.role.engg	Missing in role_data
grc20252244	MISSING	user.role.engg	Missing in role_data
grc20252245	MISSING	user.role.engg	Missing in role_data
grc20252246	MISSING	user.role.engg	Missing in role_data
grc20252247	MISSING	user.role.engg	Missing in role_data
grc20252248	MISSING	user.role.engg	Missing in role_data
grc20252249	MISSING	user.role.engg	Missing in role_data
grc20252250	MISSING	user.role.engg	Missing in role_data
grc20252251	MISSING	user.role.engg	Missing in role_data
grc20252252	MISSING	user.role.engg	Missing in role_data
grc20252253	MISSING	user.role.engg	Missing in role_data
grc20252254	MISSING	user.role.engg	Missing in role_data
grc20252255	MISSING	user.role.engg	Missing in role_data
grc20252256	MISSING	user.role.engg	Missing in role_data
grc20252257	MISSING	user.role.engg	Missing in role_data
grc20252258	MISSING	user.role.engg	Missing in role_data
grc20252259	MISSING	user.role.engg	Missing in role_data
grc20252260	MISSING	user.role.engg	Missing in role_data
grc20252261	MISSING	user.role.engg	Missing in role_data
grc20252262	MISSING	user.role.engg	Missing in role_data
grc20252263	MISSING	user.role.engg	Missing in role_data
grc20252264	MISSING	user.role.engg	Missing in role_data
grc20252265	MISSING	user.role.engg	Missing in role_data
sonu.km	MISSING	user.role.engg	Missing in role_data
nidhi.12	MISSING	user.role.engg	Missing in role_data
25508342	MISSING	user.role.engg	Missing in role_data
25500891	MISSING	user.role.engg	Missing in role_data
grc24504808	MISSING	user.role.engg	Missing in role_data
grc24511110	MISSING	user.role.engg	Missing in role_data
grc23507927	MISSING	user.role.engg	Missing in role_data
grc23507925	MISSING	user.role.engg	Missing in role_data
23505757	MISSING	user.role.engg	Missing in role_data
grc22520492	MISSING	user.role.engg	Missing in role_data
grc24503345	MISSING	user.role.engg	Missing in role_data
grc24503153	MISSING	user.role.engg	Missing in role_data
grc22510009	MISSING	user.role.engg	Missing in role_data
grc23504390	MISSING	user.role.engg	Missing in role_data
grc24504800	MISSING	user.role.engg	Missing in role_data
